{"cameraMode":{"drawMode":0,"name":"Shaded","section":"Shading Mode"},"sceneLighting":false,"audioPlay":false,"sceneViewState":{"m_AlwaysRefresh":false,"showFog":true,"showSkybox":true,"showFlares":true,"showImageEffects":true,"showParticleSystems":true,"showVisualEffectGraphs":true,"m_FxEnabled":true},"in2DMode":false,"pivot":{"x":0.7667872309684753,"y":-0.0012277960777282715,"z":-6.394864082336426},"rotation":{"x":0.0771174281835556,"y":-0.2361260950565338,"z":-0.01904389075934887,"w":-0.9686842560768127},"size":5.055965900421143,"orthographic":true}