{"cameraMode":{"drawMode":0,"name":"Shaded","section":"Shading Mode"},"sceneLighting":false,"audioPlay":false,"sceneViewState":{"m_AlwaysRefresh":false,"showFog":true,"showSkybox":true,"showFlares":true,"showImageEffects":true,"showParticleSystems":true,"showVisualEffectGraphs":true,"m_FxEnabled":true},"in2DMode":false,"pivot":{"x":-5.079999923706055,"y":-85.07725524902344,"z":-167.65951538085938},"rotation":{"x":0.011769348755478859,"y":-0.16635186970233918,"z":-0.002392284572124481,"w":-0.9861940741539002},"size":3.6664414405822756,"orthographic":false}