{"cameraMode":{"drawMode":0,"name":"Shaded","section":"Shading Mode"},"sceneLighting":false,"audioPlay":false,"sceneViewState":{"m_AlwaysRefresh":false,"showFog":true,"showSkybox":true,"showFlares":true,"showImageEffects":true,"showParticleSystems":true,"showVisualEffectGraphs":true,"m_FxEnabled":true},"in2DMode":false,"pivot":{"x":0.49529457092285159,"y":-0.35914403200149538,"z":-5.527491569519043},"rotation":{"x":0.014815700240433216,"y":0.15981408953666688,"z":-0.0023461857344955208,"w":0.9871098399162293},"size":3.4304862022399904,"orthographic":true}