{"cameraMode":{"drawMode":0,"name":"Shaded","section":"Shading Mode"},"sceneLighting":false,"audioPlay":false,"sceneViewState":{"m_AlwaysRefresh":false,"showFog":true,"showSkybox":true,"showFlares":true,"showImageEffects":true,"showParticleSystems":true,"showVisualEffectGraphs":true,"m_FxEnabled":true},"in2DMode":false,"pivot":{"x":-1.6564719676971436,"y":2.1937625408172609,"z":89.0928955078125},"rotation":{"x":-0.003299715695902705,"y":0.07702160626649857,"z":-0.0002573055389802903,"w":-0.9970443844795227},"size":7.62730073928833,"orthographic":true}