{"cameraMode":{"drawMode":0,"name":"Shaded","section":"Shading Mode"},"sceneLighting":false,"audioPlay":false,"sceneViewState":{"m_AlwaysRefresh":false,"showFog":true,"showSkybox":true,"showFlares":true,"showImageEffects":true,"showParticleSystems":true,"showVisualEffectGraphs":true,"m_FxEnabled":true},"in2DMode":false,"pivot":{"x":6.840000152587891,"y":0.09000015258789063,"z":-7.8600006103515629},"rotation":{"x":0.5228651762008667,"y":0.06642399728298187,"z":-0.04077852517366409,"w":0.8489860892295837},"size":2.1838626861572267,"orthographic":true}