{"cameraMode":{"drawMode":0,"name":"Shaded","section":"Shading Mode"},"sceneLighting":false,"audioPlay":false,"sceneViewState":{"m_AlwaysRefresh":false,"showFog":true,"showSkybox":true,"showFlares":true,"showImageEffects":true,"showParticleSystems":true,"showVisualEffectGraphs":true,"m_FxEnabled":true},"in2DMode":false,"pivot":{"x":0.9459999799728394,"y":3.6140003204345705,"z":-7.8600006103515629},"rotation":{"x":0.05014185607433319,"y":0.18177135288715363,"z":-0.009224767796695233,"w":0.9821087718009949},"size":1.2159689664840699,"orthographic":true}