{"cameraMode":{"drawMode":0,"name":"Shaded","section":"Shading Mode"},"sceneLighting":false,"audioPlay":false,"sceneViewState":{"m_AlwaysRefresh":false,"showFog":true,"showSkybox":true,"showFlares":true,"showImageEffects":true,"showParticleSystems":true,"showVisualEffectGraphs":true,"m_FxEnabled":true},"in2DMode":false,"pivot":{"x":0.5977481603622437,"y":1.1717865467071534,"z":-6.691558837890625},"rotation":{"x":-0.20072871446609498,"y":-0.06376094371080399,"z":0.01300064381211996,"w":-0.9776468873023987},"size":3.2894227504730226,"orthographic":true}