{"cameraMode":{"drawMode":0,"name":"Shaded","section":"Shading Mode"},"sceneLighting":false,"audioPlay":false,"sceneViewState":{"m_AlwaysRefresh":false,"showFog":true,"showSkybox":true,"showFlares":true,"showImageEffects":true,"showParticleSystems":true,"showVisualEffectGraphs":true,"m_FxEnabled":true},"in2DMode":false,"pivot":{"x":0.550000011920929,"y":-3.6700000762939455,"z":-6.789999961853027},"rotation":{"x":-0.017781376838684083,"y":0.5294264554977417,"z":0.011171448975801468,"w":0.848198652267456},"size":0.6323239803314209,"orthographic":true}