{"cameraMode":{"drawMode":0,"name":"Shaded","section":"Shading Mode"},"sceneLighting":false,"audioPlay":false,"sceneViewState":{"m_AlwaysRefresh":false,"showFog":true,"showSkybox":true,"showFlares":true,"showImageEffects":true,"showParticleSystems":true,"showVisualEffectGraphs":true,"m_FxEnabled":true},"in2DMode":false,"pivot":{"x":0.5977481603622437,"y":1.1717865467071534,"z":-6.691558837890625},"rotation":{"x":0.07260411977767945,"y":0.6876473426818848,"z":0.06927220523357392,"w":-0.7193042039871216},"size":2.9517784118652345,"orthographic":true}