{"cameraMode":{"drawMode":0,"name":"Shaded","section":"Shading Mode"},"sceneLighting":false,"audioPlay":false,"sceneViewState":{"m_AlwaysRefresh":false,"showFog":true,"showSkybox":true,"showFlares":true,"showImageEffects":true,"showParticleSystems":true,"showVisualEffectGraphs":true,"m_FxEnabled":true},"in2DMode":false,"pivot":{"x":0.46132707595825198,"y":0.8812248110771179,"z":0.5231372714042664},"rotation":{"x":-0.09115175157785416,"y":-0.07763426750898361,"z":-0.006649607326835394,"w":0.9929948449134827},"size":2.560915231704712,"orthographic":true}