{"cameraMode":{"drawMode":0,"name":"Shaded","section":"Shading Mode"},"sceneLighting":false,"audioPlay":false,"sceneViewState":{"m_AlwaysRefresh":false,"showFog":true,"showSkybox":true,"showFlares":true,"showImageEffects":true,"showParticleSystems":true,"showVisualEffectGraphs":true,"m_FxEnabled":true},"in2DMode":false,"pivot":{"x":-1.5983352661132813,"y":1.693465232849121,"z":-4.666374206542969},"rotation":{"x":-0.028532592579722406,"y":-0.3217132091522217,"z":0.009276811964809895,"w":-0.9465694427490234},"size":2.4073948860168459,"orthographic":false}