{"cameraMode":{"drawMode":0,"name":"Shaded","section":"Shading Mode"},"sceneLighting":false,"audioPlay":false,"sceneViewState":{"m_AlwaysRefresh":false,"showFog":true,"showSkybox":true,"showFlares":true,"showImageEffects":true,"showParticleSystems":true,"showVisualEffectGraphs":true,"m_FxEnabled":true},"in2DMode":false,"pivot":{"x":-0.04671686887741089,"y":1.813598394393921,"z":-6.953000545501709},"rotation":{"x":0.06364557892084122,"y":0.4659298062324524,"z":-0.03354435786604881,"w":0.8819810152053833},"size":0.9878854751586914,"orthographic":true}