{"cameraMode":{"drawMode":0,"name":"Shaded","section":"Shading Mode"},"sceneLighting":false,"audioPlay":false,"sceneViewState":{"m_AlwaysRefresh":false,"showFog":true,"showSkybox":true,"showFlares":true,"showImageEffects":true,"showParticleSystems":true,"showVisualEffectGraphs":true,"m_FxEnabled":true},"in2DMode":false,"pivot":{"x":-2.1609997749328615,"y":-84.93026733398438,"z":-167.742919921875},"rotation":{"x":-0.028532592579722406,"y":-0.3217132091522217,"z":0.009276811964809895,"w":-0.9465694427490234},"size":0.10710519552230835,"orthographic":false}