{"cameraMode":{"drawMode":0,"name":"Shaded","section":"Shading Mode"},"sceneLighting":false,"audioPlay":false,"sceneViewState":{"m_AlwaysRefresh":false,"showFog":true,"showSkybox":true,"showFlares":true,"showImageEffects":true,"showParticleSystems":true,"showVisualEffectGraphs":true,"m_FxEnabled":true},"in2DMode":false,"pivot":{"x":-0.8270337581634522,"y":-1.0442461967468262,"z":-7.201214790344238},"rotation":{"x":-0.043426454067230228,"y":-0.06353722512722016,"z":0.0024390339385718109,"w":-0.9972304701805115},"size":3.8654849529266359,"orthographic":true}