{"cameraMode":{"drawMode":0,"name":"Shaded","section":"Shading Mode"},"sceneLighting":false,"audioPlay":false,"sceneViewState":{"m_AlwaysRefresh":false,"showFog":true,"showSkybox":true,"showFlares":true,"showImageEffects":true,"showParticleSystems":true,"showVisualEffectGraphs":true,"m_FxEnabled":true},"in2DMode":false,"pivot":{"x":-0.39502424001693728,"y":1.7194631099700928,"z":-6.8809590339660648},"rotation":{"x":0.0374646931886673,"y":0.05034787580370903,"z":0.0016398750012740493,"w":-0.9982298612594605},"size":3.514878034591675,"orthographic":true}