{"cameraMode":{"drawMode":0,"name":"Shaded","section":"Shading Mode"},"sceneLighting":false,"audioPlay":false,"sceneViewState":{"m_AlwaysRefresh":false,"showFog":true,"showSkybox":true,"showFlares":true,"showImageEffects":true,"showParticleSystems":true,"showVisualEffectGraphs":true,"m_FxEnabled":true},"in2DMode":false,"pivot":{"x":7.980222702026367,"y":-128.54229736328126,"z":-142.77618408203126},"rotation":{"x":0.07184737920761109,"y":-0.05083752050995827,"z":0.0037329820916056635,"w":0.9961908459663391},"size":1.1090402603149415,"orthographic":true}