{"cameraMode":{"drawMode":0,"name":"Shaded","section":"Shading Mode"},"sceneLighting":false,"audioPlay":false,"sceneViewState":{"m_AlwaysRefresh":false,"showFog":true,"showSkybox":true,"showFlares":true,"showImageEffects":true,"showParticleSystems":true,"showVisualEffectGraphs":true,"m_FxEnabled":true},"in2DMode":false,"pivot":{"x":2.811048746109009,"y":3.714763641357422,"z":-6.259999752044678},"rotation":{"x":-0.059973422437906268,"y":-0.012610462494194508,"z":0.0006234286702238023,"w":-0.9983554482460022},"size":1.5718892812728882,"orthographic":true}