{"cameraMode":{"drawMode":0,"name":"Shaded","section":"Shading Mode"},"sceneLighting":false,"audioPlay":false,"sceneViewState":{"m_AlwaysRefresh":false,"showFog":true,"showSkybox":true,"showFlares":true,"showImageEffects":true,"showParticleSystems":true,"showVisualEffectGraphs":true,"m_FxEnabled":true},"in2DMode":false,"pivot":{"x":7.211540222167969,"y":-0.23184490203857423,"z":-157.31544494628907},"rotation":{"x":-0.09115175157785416,"y":-0.07763426750898361,"z":-0.006649607326835394,"w":0.9929948449134827},"size":4.037614822387695,"orthographic":true}