{"cameraMode":{"drawMode":0,"name":"Shaded","section":"Shading Mode"},"sceneLighting":false,"audioPlay":false,"sceneViewState":{"m_AlwaysRefresh":false,"showFog":true,"showSkybox":true,"showFlares":true,"showImageEffects":true,"showParticleSystems":true,"showVisualEffectGraphs":true,"m_FxEnabled":true},"in2DMode":false,"pivot":{"x":8.31149959564209,"y":-92.16094970703125,"z":-164.15577697753907},"rotation":{"x":-0.044948626309633258,"y":0.043462950736284259,"z":0.0020047666039317848,"w":0.9981944561004639},"size":1.035577416419983,"orthographic":true}