{"cameraMode":{"drawMode":0,"name":"Shaded","section":"Shading Mode"},"sceneLighting":false,"audioPlay":false,"sceneViewState":{"m_AlwaysRefresh":false,"showFog":true,"showSkybox":true,"showFlares":true,"showImageEffects":true,"showParticleSystems":true,"showVisualEffectGraphs":true,"m_FxEnabled":true},"in2DMode":false,"pivot":{"x":-0.6899584531784058,"y":1.633400559425354,"z":0.19341671466827393},"rotation":{"x":-0.07713103294372559,"y":-0.6955918073654175,"z":0.07533788681030274,"w":-0.7107059955596924},"size":4.763261795043945,"orthographic":true}