{"cameraMode":{"drawMode":0,"name":"Shaded","section":"Shading Mode"},"sceneLighting":false,"audioPlay":false,"sceneViewState":{"m_AlwaysRefresh":false,"showFog":true,"showSkybox":true,"showFlares":true,"showImageEffects":true,"showParticleSystems":true,"showVisualEffectGraphs":true,"m_FxEnabled":true},"in2DMode":false,"pivot":{"x":-0.5369383096694946,"y":-2.1700000762939455,"z":-5.309999465942383},"rotation":{"x":0.1196715235710144,"y":0.036654405295848849,"z":0.004072105046361685,"w":-0.9923596382141113},"size":12.804350852966309,"orthographic":true}