{"cameraMode":{"drawMode":0,"name":"Shaded","section":"Shading Mode"},"sceneLighting":false,"audioPlay":false,"sceneViewState":{"m_AlwaysRefresh":false,"showFog":true,"showSkybox":true,"showFlares":true,"showImageEffects":true,"showParticleSystems":true,"showVisualEffectGraphs":true,"m_FxEnabled":true},"in2DMode":false,"pivot":{"x":3.8771564960479738,"y":1.6226692199707032,"z":-7.746759414672852},"rotation":{"x":0.05204452946782112,"y":0.12847186625003816,"z":-0.006722999271005392,"w":0.9903527498245239},"size":1.2005053758621216,"orthographic":true}