{"cameraMode":{"drawMode":0,"name":"Shaded","section":"Shading Mode"},"sceneLighting":false,"audioPlay":false,"sceneViewState":{"m_AlwaysRefresh":false,"showFog":true,"showSkybox":true,"showFlares":true,"showImageEffects":true,"showParticleSystems":true,"showVisualEffectGraphs":true,"m_FxEnabled":true},"in2DMode":false,"pivot":{"x":0.2730313539505005,"y":3.5861525535583498,"z":-7.201214790344238},"rotation":{"x":-0.059501998126506808,"y":-0.3325495421886444,"z":0.020611168816685678,"w":-0.9411905407905579},"size":934.9675903320313,"orthographic":false}