{"cameraMode":{"drawMode":0,"name":"Shaded","section":"Shading Mode"},"sceneLighting":false,"audioPlay":false,"sceneViewState":{"m_AlwaysRefresh":false,"showFog":true,"showSkybox":true,"showFlares":true,"showImageEffects":true,"showParticleSystems":true,"showVisualEffectGraphs":true,"m_FxEnabled":true},"in2DMode":false,"pivot":{"x":-9.351859092712403,"y":1.1771878004074097,"z":-6.409745216369629},"rotation":{"x":0.05014185607433319,"y":0.18177135288715363,"z":-0.009224767796695233,"w":0.9821087718009949},"size":2.239576578140259,"orthographic":true}