{"cameraMode":{"drawMode":0,"name":"Shaded","section":"Shading Mode"},"sceneLighting":false,"audioPlay":false,"sceneViewState":{"m_AlwaysRefresh":false,"showFog":true,"showSkybox":true,"showFlares":true,"showImageEffects":true,"showParticleSystems":true,"showVisualEffectGraphs":true,"m_FxEnabled":true},"in2DMode":false,"pivot":{"x":1.2227199077606202,"y":0.9454653263092041,"z":0.02952437847852707},"rotation":{"x":-0.08656297624111176,"y":-0.12015002220869065,"z":0.01051715761423111,"w":-0.9889270067214966},"size":0.4367496371269226,"orthographic":true}