{"cameraMode":{"drawMode":0,"name":"Shaded","section":"Shading Mode"},"sceneLighting":false,"audioPlay":false,"sceneViewState":{"m_AlwaysRefresh":false,"showFog":true,"showSkybox":true,"showFlares":true,"showImageEffects":true,"showParticleSystems":true,"showVisualEffectGraphs":true,"m_FxEnabled":true},"in2DMode":false,"pivot":{"x":-3.3259527683258058,"y":-84.93810272216797,"z":-167.73846435546876},"rotation":{"x":0.0013518785126507283,"y":-0.25143498182296755,"z":-0.0007680029957555234,"w":-0.9680758118629456},"size":1.15519380569458,"orthographic":false}