{"cameraMode":{"drawMode":0,"name":"Shaded","section":"Shading Mode"},"sceneLighting":false,"audioPlay":false,"sceneViewState":{"m_AlwaysRefresh":false,"showFog":true,"showSkybox":true,"showFlares":true,"showImageEffects":true,"showParticleSystems":true,"showVisualEffectGraphs":true,"m_FxEnabled":true},"in2DMode":false,"pivot":{"x":3.59942626953125,"y":-6.803847789764404,"z":-10.077131271362305},"rotation":{"x":-0.001507782144472003,"y":-0.024625612422823907,"z":-0.0003089606761932373,"w":-0.9999271035194397},"size":4.69845724105835,"orthographic":true}