{"cameraMode":{"drawMode":0,"name":"Shaded","section":"Shading Mode"},"sceneLighting":false,"audioPlay":false,"sceneViewState":{"m_AlwaysRefresh":false,"showFog":true,"showSkybox":true,"showFlares":true,"showImageEffects":true,"showParticleSystems":true,"showVisualEffectGraphs":true,"m_FxEnabled":true},"in2DMode":false,"pivot":{"x":-1.664126992225647,"y":2.5340218544006349,"z":-9.213544845581055},"rotation":{"x":-0.03593238815665245,"y":0.061994969844818118,"z":-0.0021971482783555986,"w":-0.9976003170013428},"size":5.786344051361084,"orthographic":true}