{"cameraMode":{"drawMode":0,"name":"Shaded","section":"Shading Mode"},"sceneLighting":false,"audioPlay":false,"sceneViewState":{"m_AlwaysRefresh":false,"showFog":true,"showSkybox":true,"showFlares":true,"showImageEffects":true,"showParticleSystems":true,"showVisualEffectGraphs":true,"m_FxEnabled":true},"in2DMode":false,"pivot":{"x":8.228401184082032,"y":-91.85813903808594,"z":-163.81118774414063},"rotation":{"x":0.09820487350225449,"y":-0.11233144998550415,"z":-0.011407684534788132,"w":-0.988991379737854},"size":2.3079967498779299,"orthographic":true}