{"cameraMode":{"drawMode":0,"name":"Shaded","section":"Shading Mode"},"sceneLighting":false,"audioPlay":false,"sceneViewState":{"m_AlwaysRefresh":false,"showFog":true,"showSkybox":false,"showFlares":true,"showImageEffects":true,"showParticleSystems":true,"showVisualEffectGraphs":true,"m_FxEnabled":true},"in2DMode":false,"pivot":{"x":-1.5069282054901124,"y":-3.0800981521606447,"z":-6.5146589279174809},"rotation":{"x":0.03450150787830353,"y":-0.0006094676209613681,"z":-0.00037325199809856713,"w":-0.9996352791786194},"size":15.09061050415039,"orthographic":true}