{"cameraMode":{"drawMode":0,"name":"Shaded","section":"Shading Mode"},"sceneLighting":false,"audioPlay":false,"sceneViewState":{"m_AlwaysRefresh":false,"showFog":true,"showSkybox":false,"showFlares":true,"showImageEffects":true,"showParticleSystems":true,"showVisualEffectGraphs":true,"m_FxEnabled":true},"in2DMode":false,"pivot":{"x":-1.7342859506607056,"y":-0.31904661655426028,"z":-6.705378532409668},"rotation":{"x":0.03450150787830353,"y":-0.0006094676209613681,"z":-0.00037325199809856713,"w":-0.9996352791786194},"size":2.459512233734131,"orthographic":true}