{"cameraMode":{"drawMode":0,"name":"Shaded","section":"Shading Mode"},"sceneLighting":false,"audioPlay":false,"sceneViewState":{"m_AlwaysRefresh":false,"showFog":true,"showSkybox":false,"showFlares":true,"showImageEffects":true,"showParticleSystems":true,"showVisualEffectGraphs":true,"m_FxEnabled":true},"in2DMode":false,"pivot":{"x":-7.179999828338623,"y":18.433006286621095,"z":-8.960000038146973},"rotation":{"x":0.010053593665361405,"y":0.2906593084335327,"z":-0.003033551387488842,"w":0.9568698406219482},"size":1.3860197067260743,"orthographic":true}