{"cameraMode":{"drawMode":0,"name":"Shaded","section":"Shading Mode"},"sceneLighting":false,"audioPlay":false,"sceneViewState":{"m_AlwaysRefresh":false,"showFog":true,"showSkybox":false,"showFlares":true,"showImageEffects":true,"showParticleSystems":true,"showVisualEffectGraphs":true,"m_FxEnabled":true},"in2DMode":false,"pivot":{"x":-1.4098806381225587,"y":-0.5171976089477539,"z":-6.683432579040527},"rotation":{"x":0.07300421595573425,"y":0.11436618119478226,"z":0.008099788799881935,"w":-0.990953266620636},"size":21.94072723388672,"orthographic":true}