{"cameraMode":{"drawMode":0,"name":"Shaded","section":"Shading Mode"},"sceneLighting":false,"audioPlay":false,"sceneViewState":{"m_AlwaysRefresh":false,"showFog":true,"showSkybox":false,"showFlares":true,"showImageEffects":true,"showParticleSystems":true,"showVisualEffectGraphs":true,"m_FxEnabled":true},"in2DMode":false,"pivot":{"x":-0.7699999809265137,"y":5.110000133514404,"z":-4.78000020980835},"rotation":{"x":0.3422218859195709,"y":-0.035794638097286227,"z":0.013022175058722496,"w":0.9389716982841492},"size":1.7652943134307862,"orthographic":true}