{"cameraMode":{"drawMode":0,"name":"Shaded","section":"Shading Mode"},"sceneLighting":false,"audioPlay":false,"sceneViewState":{"m_AlwaysRefresh":false,"showFog":true,"showSkybox":false,"showFlares":true,"showImageEffects":true,"showParticleSystems":true,"showVisualEffectGraphs":true,"m_FxEnabled":true},"in2DMode":false,"pivot":{"x":0.6399999856948853,"y":-0.26999998092651369,"z":-7.860001564025879},"rotation":{"x":-0.02398848906159401,"y":-0.045610569417476657,"z":0.0008362028747797012,"w":-0.9989199638366699},"size":1.477743148803711,"orthographic":true}