{"cameraMode":{"drawMode":0,"name":"Shaded","section":"Shading Mode"},"sceneLighting":false,"audioPlay":false,"sceneViewState":{"m_AlwaysRefresh":false,"showFog":true,"showSkybox":false,"showFlares":true,"showImageEffects":true,"showParticleSystems":true,"showVisualEffectGraphs":true,"m_FxEnabled":true},"in2DMode":false,"pivot":{"x":-7.180000305175781,"y":18.433006286621095,"z":-8.960000038146973},"rotation":{"x":-0.00012307822180446237,"y":0.9999712705612183,"z":0.002997699426487088,"w":0.015893472358584405},"size":1.3892894983291627,"orthographic":true}