{"cameraMode":{"drawMode":0,"name":"Shaded","section":"Shading Mode"},"sceneLighting":false,"audioPlay":false,"sceneViewState":{"m_AlwaysRefresh":false,"showFog":true,"showSkybox":false,"showFlares":true,"showImageEffects":true,"showParticleSystems":true,"showVisualEffectGraphs":true,"m_FxEnabled":true},"in2DMode":false,"pivot":{"x":6.840000152587891,"y":0.09000000357627869,"z":-7.8600006103515629},"rotation":{"x":-0.010252918116748333,"y":-0.25723138451576235,"z":0.002304802183061838,"w":-0.966498076915741},"size":2.478221893310547,"orthographic":true}