{"cameraMode":{"drawMode":0,"name":"Shaded","section":"Shading Mode"},"sceneLighting":false,"audioPlay":false,"sceneViewState":{"m_AlwaysRefresh":false,"showFog":true,"showSkybox":false,"showFlares":true,"showImageEffects":true,"showParticleSystems":true,"showVisualEffectGraphs":true,"m_FxEnabled":true},"in2DMode":false,"pivot":{"x":6.840000152587891,"y":0.09000000357627869,"z":-7.8600006103515629},"rotation":{"x":-0.0004345803754404187,"y":-1.0001643896102906,"z":0.007498537190258503,"w":-0.004180140793323517},"size":1.2421976327896119,"orthographic":true}