{"cameraMode":{"drawMode":0,"name":"Shaded","section":"Shading Mode"},"sceneLighting":false,"audioPlay":false,"sceneViewState":{"m_AlwaysRefresh":false,"showFog":true,"showSkybox":false,"showFlares":true,"showImageEffects":true,"showParticleSystems":true,"showVisualEffectGraphs":true,"m_FxEnabled":true},"in2DMode":false,"pivot":{"x":6.840000152587891,"y":0.09000000357627869,"z":-7.8600006103515629},"rotation":{"x":-0.05671783536672592,"y":-0.10230788588523865,"z":0.00546319130808115,"w":-0.993317723274231},"size":0.651248574256897,"orthographic":true}