{"cameraMode":{"drawMode":0,"name":"Shaded","section":"Shading Mode"},"sceneLighting":false,"audioPlay":false,"sceneViewState":{"m_AlwaysRefresh":false,"showFog":true,"showSkybox":false,"showFlares":true,"showImageEffects":true,"showParticleSystems":true,"showVisualEffectGraphs":true,"m_FxEnabled":true},"in2DMode":false,"pivot":{"x":0.031687259674072269,"y":-1.9375900030136109,"z":-0.4140625596046448},"rotation":{"x":0.013457011431455613,"y":0.08240704238414765,"z":-0.001086792559362948,"w":0.9965648055076599},"size":1.2866040468215943,"orthographic":true}