{"cameraMode":{"drawMode":0,"name":"Shaded","section":"Shading Mode"},"sceneLighting":false,"audioPlay":false,"sceneViewState":{"m_AlwaysRefresh":false,"showFog":true,"showSkybox":false,"showFlares":true,"showImageEffects":true,"showParticleSystems":true,"showVisualEffectGraphs":true,"m_FxEnabled":true},"in2DMode":false,"pivot":{"x":-0.3149127960205078,"y":-1.4152612686157227,"z":-8.092761039733887},"rotation":{"x":0.07300421595573425,"y":0.11436618119478226,"z":0.008099788799881935,"w":-0.990953266620636},"size":2.709399461746216,"orthographic":true}